honk|direct|9408|3.284|4.040|5.335|1007.208|0/200
honk|hy2|3048|1.797|2.239|2.623|2.868|3/200
honk|tuic|3645|1.843|2.130|2.560|2.894|0/200
honk|ss2022|9402|2.868|7.369|13.012|15.906|0/200
honk|trojan|9389|2.062|5.497|8.842|10.256|0/200
honk|anytls-sb|9388|2.567|8.609|15.587|20.091|0/200
honk|anytls-go|9354|2.496|12.660|17.358|23.054|0/200
dae|direct|9404|2.761|3.780|4.260|4.501|0/200
dae|hy2|3509|1.466|2.086|3.413|13.956|0/200
dae|tuic|3436|1.807|2.035|2.378|3.012|2/200
dae|ss2022|9402|3.589|8.266|10.356|11.732|0/200
dae|trojan|9380|5.491|11.818|22.010|45.234|0/200
dae|anytls-sb|9378|2.546|10.662|14.092|14.591|1/200
dae|anytls-go|9386|2.199|5.161|8.523|15.687|0/200
sing-box|direct|9407|2.416|3.014|3.543|1034.084|0/200
sing-box|hy2|2672|8.913|20.916|25.597|30.111|0/200
sing-box|tuic|3288|1.856|2.294|2.699|3.050|0/200
sing-box|ss2022|9396|3.547|7.961|11.641|42.763|0/200
sing-box|trojan|9364|5.433|11.841|17.291|19.717|0/200
sing-box|anytls-sb|9363|2.393|7.450|12.844|19.851|0/200
sing-box|anytls-go|9370|2.380|7.423|15.281|17.170|0/200
